Type,Name,Request Count,Failure Count,Median Response Time,Average Response Time,Min Response Time,Max Response Time,Average Content Size,Requests/s,Failures/s,50%,66%,75%,80%,90%,95%,98%,99%,99.9%,99.99%,100%
POST,/auth/login,648,648,20000.0,20018.97149382627,19472.51029999461,20512.698800012004,0.0,20.50421811086729,20.50421811086729,20000,20000,20000,20000,20000,20000,20000,20000,21000,21000,21000
,Aggregated,648,648,20000.0,20018.97149382627,19472.51029999461,20512.698800012004,0.0,20.50421811086729,20.50421811086729,20000,20000,20000,20000,20000,20000,20000,20000,21000,21000,21000
