Type,Name,Request Count,Failure Count,Median Response Time,Average Response Time,Min Response Time,Max Response Time,Average Content Size,Requests/s,Failures/s,50%,66%,75%,80%,90%,95%,98%,99%,99.9%,99.99%,100%
POST,/auth/login,1490,0,7600.0,13888.981439798394,535.1889000157826,33849.762699974235,239.0,41.19963869649795,0.0,7600,22000,25000,27000,31000,32000,33000,33000,34000,34000,34000
GET,GET /api/user/all,1133,0,5300.0,5260.864644924779,237.37570003140718,14286.727999977302,37591.92586054722,31.328315867873947,0.0,5300,6500,7100,7600,9100,11000,12000,13000,14000,14000,14000
GET,GET /api/user/{id},688,0,5200.0,5228.751826016716,573.4352000290528,14397.96239999123,206.9171511627907,19.023725787376236,0.0,5200,6600,7100,7500,9100,11000,12000,12000,14000,14000,14000
POST,POST /api/user/create,381,0,4900.0,5363.428174539437,827.0282000303268,13577.241299964953,206.89763779527559,10.534941170044107,0.0,4900,6800,7300,7600,9300,11000,12000,12000,14000,14000,14000
,Aggregated,3692,0,6500.0,8747.559420042895,237.37570003140718,33849.762699974235,11692.564734561214,102.08662152179224,0.0,6500,7400,8900,10000,25000,30000,32000,33000,34000,34000,34000
