Type,Name,Request Count,Failure Count,Median Response Time,Average Response Time,Min Response Time,Max Response Time,Average Content Size,Requests/s,Failures/s,50%,66%,75%,80%,90%,95%,98%,99%,99.9%,99.99%,100%
POST,/auth/login,600,0,1200.0,1975.2916563328472,141.05479995487258,7626.224000006914,239.0,20.287290388022416,0.0,1200,2200,2900,3700,4700,5000,5400,5600,7600,7600,7600
GET,GET /api/user/all,1438,0,2100.0,2615.4978367870303,110.79040000913665,9783.948399999645,624409.5660639778,48.621872629960386,0.0,2100,2900,3600,4000,5100,5700,6300,6500,8300,9800,9800
GET,GET /api/user/{id},955,0,1900.0,2546.7759720414892,87.19369996106252,8085.481500020251,206.92984293193717,32.29060386760234,0.0,1900,2800,3500,4000,5000,5700,6300,6700,8100,8100,8100
POST,POST /api/user/create,459,0,2200.0,2775.66374335471,224.676699959673,8190.224600024521,206.89106753812635,15.519777146837148,0.0,2200,3000,3800,4400,5400,6200,6600,6800,8200,8200,8200
,Aggregated,3452,0,1900.0,2506.506835051821,87.19369996106252,9783.948399999645,260236.65614136733,116.71954403242229,0.0,1900,2800,3600,4000,5000,5600,6300,6600,8100,9800,9800
