Type,Name,Request Count,Failure Count,Median Response Time,Average Response Time,Min Response Time,Max Response Time,Average Content Size,Requests/s,Failures/s,50%,66%,75%,80%,90%,95%,98%,99%,99.9%,99.99%,100%
POST,/auth/login,1242,0,13000.0,13345.913331884158,340.29560000635684,28496.027200017124,239.0,39.91846879166623,0.0,13000,17000,19000,22000,25000,26000,27000,27000,28000,28000,28000
GET,GET /api/user/all,123,0,11000.0,12952.162391872891,2995.734900003299,26119.490000011865,939538.2032520325,3.9532783102857856,0.0,11000,14000,19000,20000,21000,23000,25000,26000,26000,26000,26000
GET,GET /api/user/{id},26,0,21000.0,18024.133846148077,3294.8760999715887,25648.627799993847,206.8846153846154,0.8356523257514669,0.0,21000,22000,24000,24000,25000,26000,26000,26000,26000,26000,26000
POST,POST /api/user/create,37,0,12000.0,11285.708475672338,2626.5985000063665,20380.909699946642,206.86486486486487,1.1891975404924722,0.0,12000,13000,15000,16000,19000,20000,20000,20000,20000,20000,20000
,Aggregated,1428,0,13000.0,13343.79483613459,340.29560000635684,28496.027200017124,81143.60644257703,45.89659696819595,0.0,13000,17000,19000,21000,24000,26000,27000,27000,28000,28000,28000
