Type,Name,Request Count,Failure Count,Median Response Time,Average Response Time,Min Response Time,Max Response Time,Average Content Size,Requests/s,Failures/s,50%,66%,75%,80%,90%,95%,98%,99%,99.9%,99.99%,100%
POST,/auth/login,1273,0,9400.0,10735.316762294273,206.36699994793162,23705.40879998589,239.0,42.71653237839523,0.0,9400,14000,17000,18000,21000,22000,23000,24000,24000,24000,24000
GET,GET /api/user/all,251,0,10000.0,11788.326743426658,2182.7937999623828,24072.914400021546,833609.4621513945,8.422505598568108,0.0,10000,15000,18000,20000,22000,23000,23000,23000,24000,24000,24000
GET,GET /api/user/{id},72,0,20000.0,16232.048126390308,1755.6716999970376,23412.131100019906,206.875,2.41601754221874,0.0,21000,22000,23000,23000,23000,23000,23000,23000,23000,23000,23000
POST,POST /api/user/create,66,0,12000.0,12769.483256062042,2485.8435000060126,24202.164000016637,206.92424242424244,2.2146827470338453,0.0,12000,15000,19000,20000,23000,23000,23000,24000,24000,24000,24000
,Aggregated,1662,0,9800.0,11213.250066787543,206.36699994793162,24202.164000016637,126094.3285198556,55.76973826621592,0.0,9900,14000,17000,19000,21000,23000,23000,23000,24000,24000,24000
