Type,Name,Request Count,Failure Count,Median Response Time,Average Response Time,Min Response Time,Max Response Time,Average Content Size,Requests/s,Failures/s,50%,66%,75%,80%,90%,95%,98%,99%,99.9%,99.99%,100%
POST,/auth/login,400,0,800.0,850.4164667507575,153.82030000910163,3473.357799986843,239.0,13.575359201062893,0.0,800,970,1100,1100,1300,1500,2000,2600,3500,3500,3500
GET,GET /api/user/all,2267,0,53,303.745030834098,15.554099984001368,4035.166699963156,355237.6568151742,76.93834827202394,0.0,53,110,180,270,1100,1800,2500,2900,3700,4000,4000
GET,GET /api/user/{id},1544,0,19,240.7410636660266,4.557300009764731,4970.964100037236,206.88860103626942,52.400886516102766,0.0,19,56,100,150,890,1600,2200,2700,4700,5000,5000
POST,POST /api/user/create,748,0,17,251.80657045521343,4.462399985641241,3984.8080999800004,206.8957219251337,25.38592170598761,0.0,17,66,120,170,890,1800,2500,2700,4000,4000,4000
,Aggregated,4959,0,46,320.3896125432643,4.462399985641241,4970.964100037236,162511.30510183505,168.3005156951772,0.0,46,120,240,530,1100,1700,2400,2800,4000,5000,5000
