Type,Name,Request Count,Failure Count,Median Response Time,Average Response Time,Min Response Time,Max Response Time,Average Content Size,Requests/s,Failures/s,50%,66%,75%,80%,90%,95%,98%,99%,99.9%,99.99%,100%
POST,/auth/login,1500,1500,15000.0,15326.58613353355,14463.527199986856,17269.53809999395,0.0,51.694825239908106,51.694825239908106,15000,15000,16000,16000,16000,16000,16000,17000,17000,17000,17000
,Aggregated,1500,1500,15000.0,15326.58613353355,14463.527199986856,17269.53809999395,0.0,51.694825239908106,51.694825239908106,15000,15000,16000,16000,16000,16000,16000,17000,17000,17000,17000
