Type,Name,Request Count,Failure Count,Median Response Time,Average Response Time,Min Response Time,Max Response Time,Average Content Size,Requests/s,Failures/s,50%,66%,75%,80%,90%,95%,98%,99%,99.9%,99.99%,100%
POST,/auth/login,300,0,650.0,645.542589998416,150.2005999791436,2140.851400035899,239.0,10.287737681474207,0.0,650,790,870,890,1000,1100,1200,1200,2100,2100,2100
GET,GET /api/user/all,1930,0,18,107.73862523359725,8.323799993377179,1949.1091999807395,208087.29430051814,66.18444575081739,0.0,18,22,27,36,390,700,980,1200,1900,1900,1900
GET,GET /api/user/{id},1281,0,6,78.407627322875,3.375599975697696,1874.2483000387438,206.9047619047619,43.92863989989486,0.0,6,7,9,10,180,590,1000,1300,1800,1900,1900
POST,POST /api/user/create,685,0,7,84.7257426271154,3.8130999892018735,1574.9017000198364,206.8905109489051,23.49033437269944,0.0,7,8,10,16,220,710,950,1100,1600,1600,1600
,Aggregated,4196,0,14,133.4784623452203,3.375599975697696,2140.851400035899,95826.24952335558,143.8911577048859,0.0,14,20,28,91,580,830,1100,1200,1800,2100,2100
