Type,Name,Request Count,Failure Count,Median Response Time,Average Response Time,Min Response Time,Max Response Time,Average Content Size,Requests/s,Failures/s,50%,66%,75%,80%,90%,95%,98%,99%,99.9%,99.99%,100%
POST,/auth/login,500,0,890.0,1019.1832682003733,146.2383999605663,3375.7042000070214,239.0,17.117236482817773,0.0,900,1100,1400,1500,1800,2100,2400,2600,3400,3400,3400
GET,GET /api/user/all,2062,0,770.0,951.638198496134,33.453100011684,5123.237200023141,506470.31037827354,70.59148325514049,0.0,770,1100,1400,1500,2000,2500,3000,3400,4600,5100,5100
GET,GET /api/user/{id},1371,0,730.0,956.4009676878898,6.549999990966171,5337.079699966125,206.927060539752,46.93546243588633,0.0,730,1100,1400,1600,2100,2500,3100,3500,4600,5300,5300
POST,POST /api/user/create,663,0,800.0,965.5495995462859,6.219500035513192,5212.68479997525,206.9079939668175,22.697455576216367,0.0,800,1100,1400,1600,2000,2600,3100,3600,5200,5200,5200
,Aggregated,4596,0,780.0,962.4139927324857,6.219500035513192,5337.079699966125,227345.9871627502,157.34163775006095,0.0,780,1100,1400,1500,2000,2500,3000,3400,4600,5300,5300
