Type,Name,Request Count,Failure Count,Median Response Time,Average Response Time,Min Response Time,Max Response Time,Average Content Size,Requests/s,Failures/s,50%,66%,75%,80%,90%,95%,98%,99%,99.9%,99.99%,100%
POST,/auth/login,1559,0,13000.0,14155.529342334852,325.6468999898061,29399.09850002732,239.0,48.133124351995555,0.0,13000,18000,21000,23000,26000,28000,28000,28000,29000,29000,29000
GET,GET /api/user/all,128,0,13000.0,14027.840267186548,2554.108400014229,27492.198699968867,4356.875,3.951917842883535,0.0,14000,19000,19000,21000,24000,25000,27000,27000,27000,27000,27000
GET,GET /api/user/{id},17,0,5900.0,5568.3126588256155,2592.736800026614,7992.051699955482,207.0,0.5248640885079695,0.0,5900,6200,6400,6500,6600,8000,8000,8000,8000,8000,8000
POST,POST /api/user/create,41,0,13000.0,14606.30959755934,5246.930200024508,27765.25950001087,206.9512195121951,1.2658486840486323,0.0,13000,20000,21000,21000,24000,24000,28000,28000,28000,28000,28000
,Aggregated,1745,0,13000.0,14073.096737879623,325.6468999898061,29399.09850002732,539.9914040114613,53.87575496743569,0.0,13000,18000,21000,22000,26000,28000,28000,28000,29000,29000,29000
