Type,Name,Request Count,Failure Count,Median Response Time,Average Response Time,Min Response Time,Max Response Time,Average Content Size,Requests/s,Failures/s,50%,66%,75%,80%,90%,95%,98%,99%,99.9%,99.99%,100%
POST,/auth/login,895,0,3100.0,5299.821757876401,463.33250001771376,30900.185999984387,239.0,28.804194368407522,0.0,3100,3700,4300,4600,8900,28000,31000,31000,31000,31000,31000
GET,GET /api/user/all,1984,0,1900.0,2019.352697731935,82.46970002073795,5780.65059997607,68607.03578629032,63.851979471419575,0.0,2000,2200,2500,2500,3000,3400,4300,4600,5800,5800,5800
GET,GET /api/user/{id},1214,0,1900.0,1913.8196972819699,342.0409999671392,3829.5115000219084,206.92092257001647,39.07071727737065,0.0,1900,2200,2300,2500,2600,3100,3300,3300,3800,3800,3800
POST,POST /api/user/create,678,0,2000.0,1996.8371738947221,405.5959000252187,5504.26710001193,206.91297935103245,21.820384113721005,0.0,2000,2200,2400,2500,3000,3300,4000,4900,5500,5500,5500
,Aggregated,4771,0,2100.0,2604.6885227416606,82.46970002073795,30900.185999984387,28656.833577866277,153.54727523091876,0.0,2100,2400,2600,2800,3600,4400,6000,28000,31000,31000,31000
