Type,Name,Request Count,Failure Count,Median Response Time,Average Response Time,Min Response Time,Max Response Time,Average Content Size,Requests/s,Failures/s,50%,66%,75%,80%,90%,95%,98%,99%,99.9%,99.99%,100%
POST,/auth/login,1232,0,7500.0,8525.783762582356,834.0913000283763,15979.333300027065,239.0,26.765628283784743,0.0,7500,12000,13000,14000,15000,15000,15000,16000,16000,16000,16000
GET,GET /api/user/all,980,0,9200.0,9062.922502346859,2821.441699983552,16927.028599951882,34571.56020408163,21.290840680283317,0.0,9300,12000,13000,14000,14000,14000,17000,17000,17000,17000,17000
GET,GET /api/user/{id},590,0,10000.0,9761.131484406085,2910.6421999749728,16909.000499988906,206.92033898305084,12.817955103435875,0.0,10000,13000,14000,14000,14000,17000,17000,17000,17000,17000,17000
POST,POST /api/user/create,334,0,10000.0,9215.786359581885,2948.163699998986,16922.25679999683,206.87125748502993,7.256266109402682,0.0,10000,12000,14000,14000,14000,15000,17000,17000,17000,17000,17000
,Aggregated,3136,0,8900.0,8999.543962914971,834.0913000283763,16927.028599951882,10958.467793367347,68.13069017690661,0.0,8900,12000,13000,14000,15000,15000,17000,17000,17000,17000,17000
