Type,Name,Request Count,Failure Count,Median Response Time,Average Response Time,Min Response Time,Max Response Time,Average Content Size,Requests/s,Failures/s,50%,66%,75%,80%,90%,95%,98%,99%,99.9%,99.99%,100%
POST,/auth/login,3827,3827,10000.0,10191.244383250149,4191.123299999163,15667.464600002859,0.0,122.44971021448181,122.44971021448181,10000,11000,11000,15000,15000,16000,16000,16000,16000,16000,16000
GET,GET /api/user/all,1249,1249,6200.0,9109.387828021807,4100.280800019391,16726.392000040505,0.0,39.963336309873995,39.963336309873995,6200,11000,15000,15000,16000,16000,16000,17000,17000,17000,17000
POST,POST /api/user/create,483,483,11000.0,9470.618339336672,4106.420300027821,16729.685699974652,0.0,15.454196507341184,15.454196507341184,11000,15000,15000,15000,16000,16000,17000,17000,17000,17000,17000
,Aggregated,5559,5559,10000.0,9885.55968875647,4100.280800019391,16729.685699974652,0.0,177.86724303169697,177.86724303169697,10000,11000,12000,15000,16000,16000,16000,16000,17000,17000,17000
