Type,Name,Request Count,Failure Count,Median Response Time,Average Response Time,Min Response Time,Max Response Time,Average Content Size,Requests/s,Failures/s,50%,66%,75%,80%,90%,95%,98%,99%,99.9%,99.99%,100%
POST,/auth/login,200,0,460.0,455.39804049913073,137.32159999199212,865.8746000146493,239.0,6.8529795315079705,0.0,460,560,630,660,710,730,800,860,870,870,870
GET,GET /api/user/all,1302,0,9,36.79101781787447,5.051899992395192,685.9626999939792,92837.20967741935,44.61289675011689,0.0,9,11,12,14,53,220,480,540,630,690,690
GET,GET /api/user/{id},928,0,6,38.29144407345979,3.7620000075548887,686.6714999778196,206.88362068965517,31.797825026196982,0.0,6,6,7,8,53,340,510,570,690,690,690
POST,POST /api/user/create,461,0,6,41.68925509654761,3.587599960155785,597.035999991931,206.89154013015184,15.796117820125872,0.0,6,7,8,9,58,400,500,560,600,600,600
,Aggregated,2891,0,8,67.01304738788579,3.587599960155785,865.8746000146493,41926.396402628845,99.0598191279477,0.0,8,10,13,19,290,500,630,680,840,870,870
