Type,Name,Request Count,Failure Count,Median Response Time,Average Response Time,Min Response Time,Max Response Time,Average Content Size,Requests/s,Failures/s,50%,66%,75%,80%,90%,95%,98%,99%,99.9%,99.99%,100%
POST,/auth/login,1116,0,13000.0,13567.677441218595,243.96720004733652,29032.71160001168,239.0,35.969795517890454,0.0,13000,17000,21000,22000,25000,26000,27000,27000,29000,29000,29000
GET,GET /api/user/all,150,0,18000.0,17227.684737997286,4431.620299990755,23980.528599990066,890483.4533333334,4.83464993520033,0.0,18000,19000,19000,20000,23000,24000,24000,24000,24000,24000,24000
GET,GET /api/user/{id},22,0,6700.0,11155.735113634199,2671.061299974099,23424.368700012565,206.95454545454547,0.7090819904960484,0.0,6800,11000,23000,23000,23000,23000,23000,23000,23000,23000,23000
POST,POST /api/user/create,60,0,18000.0,17143.97904833507,2712.64300000621,24882.9948999919,206.86666666666667,1.9338599740801319,0.0,18000,19000,19000,21000,23000,24000,24000,25000,25000,25000,25000
,Aggregated,1348,0,15000.0,14094.766803041239,243.96720004733652,29032.71160001168,99299.85682492581,43.44738741766697,0.0,15000,18000,20000,22000,25000,26000,27000,27000,29000,29000,29000
