Type,Name,Request Count,Failure Count,Median Response Time,Average Response Time,Min Response Time,Max Response Time,Average Content Size,Requests/s,Failures/s,50%,66%,75%,80%,90%,95%,98%,99%,99.9%,99.99%,100%
POST,/auth/login,700,0,1900.0,2995.9442939991795,188.95029998384416,9212.40930003114,239.0,23.70077246502757,0.0,1900,3700,5000,5600,7200,7700,8200,8400,9200,9200,9200
GET,GET /api/user/all,1048,0,4300.0,4605.931359066635,146.24349999940023,11421.319299959578,715023.6937022901,35.48344220478413,0.0,4400,5900,6600,7000,8200,8900,9600,10000,11000,11000,11000
GET,GET /api/user/{id},676,0,4000.0,4507.271492603537,251.0986000415869,11462.023300002329,206.8949704142012,22.88817455194091,0.0,4000,5600,6300,6800,7900,8800,9100,9700,11000,11000,11000
POST,POST /api/user/create,328,0,4400.0,4713.093192074356,301.8582999939099,12208.347000007052,206.890243902439,11.105504812184346,0.0,4500,6100,6700,6900,8400,8800,9800,10000,12000,12000,12000
,Aggregated,2752,0,3700.0,4184.951731868319,146.24349999940023,12208.347000007052,272427.27180232556,93.17789403393695,0.0,3700,5500,6300,6800,7900,8500,9100,9800,11000,12000,12000
