Type,Name,Request Count,Failure Count,Median Response Time,Average Response Time,Min Response Time,Max Response Time,Average Content Size,Requests/s,Failures/s,50%,66%,75%,80%,90%,95%,98%,99%,99.9%,99.99%,100%
POST,/auth/login,1149,0,12000.0,13238.940478676195,295.7837000139989,28725.335699971765,239.0,37.1669595443768,0.0,12000,18000,20000,22000,25000,26000,27000,28000,28000,29000,29000
GET,GET /api/user/all,113,0,20000.0,18253.87611947037,3035.8188999816775,26079.59480001591,986612.3185840708,3.6552362302128625,0.0,20000,21000,23000,24000,24000,25000,26000,26000,26000,26000,26000
GET,GET /api/user/{id},8,0,6200.0,6012.877574990853,3965.7766000018455,6563.310300000012,207.0,0.25877778620976016,0.0,6400,6400,6400,6400,6600,6600,6600,6600,6600,6600,6600
POST,POST /api/user/create,48,0,20000.0,17065.6232729137,5475.278300000355,27363.672000006773,206.91666666666666,1.552666717258561,0.0,20000,20000,21000,23000,24000,24000,27000,27000,27000,27000,27000
,Aggregated,1318,0,14000.0,13764.403299847418,295.7837000139989,28725.335699971765,84805.30424886191,42.63364027805799,0.0,14000,19000,21000,22000,25000,26000,27000,28000,28000,29000,29000
