Type,Name,Request Count,Failure Count,Median Response Time,Average Response Time,Min Response Time,Max Response Time,Average Content Size,Requests/s,Failures/s,50%,66%,75%,80%,90%,95%,98%,99%,99.9%,99.99%,100%
POST,/auth/login,1000,0,6300.0,7075.681568500407,161.5847999928519,18266.02759998059,239.0,33.80498045224014,0.0,6300,9500,11000,12000,14000,15000,16000,16000,18000,18000,18000
GET,GET /api/user/all,559,0,12000.0,10455.785487836893,1316.4113000384532,18515.42279997375,781539.9588550983,18.896984072802237,0.0,12000,13000,14000,14000,16000,16000,17000,17000,19000,19000,19000
GET,GET /api/user/{id},397,0,12000.0,11429.069942569098,1704.3205999652855,16697.352799994405,206.94962216624685,13.420577239539334,0.0,12000,14000,14000,15000,16000,16000,16000,17000,17000,17000,17000
POST,POST /api/user/create,180,0,12000.0,11135.013923331928,770.9892999846488,16649.739800021052,206.89444444444445,6.0848964814032245,0.0,12000,14000,14000,14000,16000,16000,16000,17000,17000,17000,17000
,Aggregated,2136,0,9900.0,9111.474217977951,161.5847999928519,18515.42279997375,204700.01732209738,72.20743824598493,0.0,9900,12000,13000,14000,15000,16000,16000,17000,18000,19000,19000
