Type,Name,Request Count,Failure Count,Median Response Time,Average Response Time,Min Response Time,Max Response Time,Average Content Size,Requests/s,Failures/s,50%,66%,75%,80%,90%,95%,98%,99%,99.9%,99.99%,100%
POST,/auth/login,1437,0,13000.0,14587.985865274912,654.5983999967575,32907.048299966846,239.0,40.65432834583819,0.0,13000,19000,21000,23000,29000,29000,30000,31000,33000,33000,33000
GET,GET /api/user/all,134,0,19000.0,17933.481521642534,4297.041000041645,29339.66249995865,4255.940298507463,3.7910090454713417,0.0,19000,22000,22000,23000,26000,26000,27000,29000,29000,29000,29000
GET,GET /api/user/{id},22,0,26000.0,25830.014863630906,22491.359199979343,29150.77859995654,207.0,0.6224044701520113,0.0,26000,26000,26000,27000,27000,27000,29000,29000,29000,29000,29000
POST,POST /api/user/create,41,0,22000.0,18290.981851225697,3207.585600030143,26742.596700030845,206.90243902439025,1.159935603465112,0.0,22000,23000,24000,24000,26000,26000,27000,27000,27000,27000,27000
,Aggregated,1634,0,14000.0,15106.617377723547,654.5983999967575,32907.048299966846,567.1823745410037,46.22767746492666,0.0,14000,20000,22000,23000,27000,29000,30000,31000,33000,33000,33000
