Type,Name,Request Count,Failure Count,Median Response Time,Average Response Time,Min Response Time,Max Response Time,Average Content Size,Requests/s,Failures/s,50%,66%,75%,80%,90%,95%,98%,99%,99.9%,99.99%,100%
POST,/auth/login,1387,0,13000.0,14039.754064960425,337.9426000174135,30838.947199983522,239.0,41.853694282108734,0.0,13000,18000,21000,23000,26000,28000,29000,30000,31000,31000,31000
GET,GET /api/user/all,193,0,12000.0,12755.714872020775,2212.9054999677464,25445.471699989866,6402.295336787564,5.823909874871656,0.0,12000,15000,15000,17000,20000,21000,23000,23000,25000,25000,25000
GET,GET /api/user/{id},43,0,18000.0,15415.10989302282,2249.834100017324,24635.621000023093,206.97674418604652,1.2975550498418715,0.0,18000,18000,18000,18000,21000,23000,25000,25000,25000,25000,25000
POST,POST /api/user/create,53,0,11000.0,11572.618750948679,3937.9916000179946,21473.91450003488,206.9433962264151,1.5993120381771904,0.0,11000,14000,15000,15000,18000,18000,21000,21000,21000,21000,21000
,Aggregated,1676,0,13000.0,13849.158936515727,337.9426000174135,30838.947199983522,946.8997613365156,50.57447124499946,0.0,13000,17000,20000,22000,25000,28000,29000,29000,31000,31000,31000
