Type,Name,Request Count,Failure Count,Median Response Time,Average Response Time,Min Response Time,Max Response Time,Average Content Size,Requests/s,Failures/s,50%,66%,75%,80%,90%,95%,98%,99%,99.9%,99.99%,100%
POST,/auth/login,1347,0,12000.0,13740.85112345968,276.8625000026077,29446.419699990656,239.0,41.44514869057897,0.0,12000,18000,21000,22000,26000,28000,29000,29000,29000,29000,29000
GET,GET /api/user/all,118,0,17000.0,17391.51167796512,3440.7086999854073,28107.43510001339,4253.932203389831,3.630681177051461,0.0,18000,21000,24000,25000,26000,27000,27000,28000,28000,28000,28000
POST,POST /api/user/create,40,0,15000.0,17484.737457503797,4719.864399987273,27486.509100010153,206.925,1.2307393820513428,0.0,15000,22000,24000,24000,26000,27000,27000,27000,27000,27000,27000
,Aggregated,1505,0,13000.0,14126.587601063276,276.8625000026077,29446.419699990656,552.939534883721,46.30656924968177,0.0,13000,18000,21000,22000,26000,28000,29000,29000,29000,29000,29000
