Type,Name,Request Count,Failure Count,Median Response Time,Average Response Time,Min Response Time,Max Response Time,Average Content Size,Requests/s,Failures/s,50%,66%,75%,80%,90%,95%,98%,99%,99.9%,99.99%,100%
POST,/auth/login,100,0,310.0,292.446320001618,134.71240003127605,507.6083999592811,239.0,3.4087989206024902,0.0,310,350,370,370,410,450,510,510,510,510,510
GET,GET /api/user/all,714,0,7,18.991311062003437,4.493499989621341,379.8430999740958,23575.522408963585,24.33882429310178,0.0,7,7,8,9,27,110,200,280,380,380,380
GET,GET /api/user/{id},448,0,6,14.76723459810663,3.757000027690083,307.3416000115685,206.83705357142858,15.271419164299155,0.0,6,6,7,7,14,76,180,200,310,310,310
POST,POST /api/user/create,213,0,6,16.77517230079199,4.408799984958023,275.1915999688208,206.87793427230048,7.260741700883305,0.0,6,7,7,8,19,110,140,170,280,280,280
,Aggregated,1475,0,6,35.92763450742557,3.757000027690083,507.6083999592811,11521.051525423729,50.27978407888673,0.0,6,7,8,10,130,260,360,380,510,510,510
